{
  "Piano (Non-Integer)": {
      "attenuationvector1": 1,
      "num_harmonics1": 8,
      "midiValue": 48,
      "harmonic_multiples1": [
        1.0,
        2.02,
        3.04,
        4.04,
        5.06,
        6.06,
        7.08,
        8.1
      ],
      "harmonic_attenuate": [
       1.0,
       0.1,
       0.325,
       0.13,
       0.11,
       0.1,
       0.0,
       0.02
      ]
  },
  "Piano (Integer)": {
      "attenuationvector1": 1,
      "num_harmonics1": 8,
      "midiValue": 50,
      "harmonic_multiples1": [
        1.0,
        2.0,
        3.0,
        4.0,
        5.0,
        6.0,
        7.0,
        8.0
      ],
      "harmonic_attenuate1": [
       1.0,
       0.1,
       0.325,
       0.13,
       0.11,
       0.1,
       0.0,
       0.02
      ]
  },
  "3 Harmonics": {
      "attenuationvector1": 0,
      "num_harmonics1": 3,
      "midiValue": 52,
      "harmonic_multiples1": [
        1.0,
        2.02,
        3.04
      ],
      "harmonic_attenuate1": [
        0.125,
        0.03125,
        0.015625
      ]
  },
  "Cello (Maybe)": {
      "attenuationvector1": 0,
      "num_harmonics1": 8,
      "midiValue": 54,
      "harmonic_multiples1": [
        0.03322615219721329,
        1.0,
        1.9967845659163985,
        2.9892818863879955,
        3.990353697749196,
        4.977491961414791,
        5.952840300107181,
        6.952840300107181
      ],
      "harmonic_attenuate1": [
        0.10413266636752153,
        1.0,
        0.7664782071251536,
        0.4706467867001558,
        0.2881377225279178,
        0.5053054090883067,
        0.07066375088793367,
        0.06434589002771769
      ]
  },
  "Clarinet (Maybe)": {
      "attenuationvector1": 1,
      "num_harmonics1": 8,
      "midiValue": 56,
      "harmonic_multiples1": [
        0.008968609865470852,
        1.0,
        3.0044843049327357,
        4.008968609865471,
        5.008968609865471,
        7.013452914798206,
        9.017937219730943,
        13.02242152466368
      ],
      "harmonic_attenuate1": [
        0.24511103297628056,
        1.0,
        0.7450581277125623,
        0.11154126669716466,
        0.26315162300585665,
        0.28531897813372015,
        0.18615152258501125,
        0.08081321718330152
      ]
  },
  "Flute": {
      "attenuationvector1": 1,
      "num_harmonics1": 8,
      "midiValue": 58,
      "harmonic_multiples1": [
        0.0031645569620253164,
        1.0,
        2.001582278481013,
        3.001582278481013,
        4.003164556962026,
        5.003164556962026,
        6.993670886075949,
        7.0174050632911396
      ],
      "harmonic_attenuate1": [
        0.1265140128446713,
        1.0,
        0.08650358098495246,
        0.20118351617679786,
        0.050005847241409655,
        0.07780244014124149,
        0.03998030358584438,
        0.036781828845936775
      ]
  },
  "square": {
    "attenuationvector1": 0,
    "num_harmonics1": 4,
    "midValue": 60,
    "harmonic_multiples1": [
      1.0,
      3.0,
      5.0,
      7.0
    ],
    "harmonic_attenuate1": [
      1.0,
      0.333,
      0.2,
      0.1428
    ]
  },
  "sine": {
      "attenuationvector1": 1,
      "num_harmonics1": 1,
      "midiValue": 40,
      "harmonic_multiples1": [
        1.0
      ],
      "harmonic_attenuate1": [
        0.125
      ]
  }
}
