{
  "Piano (Non-Integer)": {
      "attenuationvector1": 1,
      "num_harmonics1": 8,
      "midiValue": 48,
      "harmonic_multiples1": [
        1.0,
        2.0,
        2.9981238273921202,
        3.9981238273921202,
        4.998123827392121,
        5.998123827392121,
        6.998123827392121,
        11.996247654784241
      ],
      "harmonic_attenuate1": [
        0.955798238746796,
        0.5812907886048526,
        0.23615852660350867,
        1.0,
        0.12270813280335757,
        0.12117569679535084,
        0.057534741522951904,
        0.06492073525839794
      ]
  },
  "Piano (Integer)": {
      "attenuationvector1": 1,
      "num_harmonics1": 8,
      "midiValue": 50,
      "harmonic_multiples1": [
        1.0,
        15.877551020408161,
        31.755102040816322,
        47.714285714285715,
        63.61224489795919,
        79.61224489795919,
        95.6938775510204,
        128.24489795918367
      ],
      "harmonic_attenuate1": [
        0.05522927450815169,
        1.0,
        0.6356530221141482,
        0.31225135231160067,
        0.1310179816703964,
        0.09904962126539671,
        0.06841129554120899,
        0.06381934908336216
      ]
  },
  "3 Harmonics": {
      "attenuationvector1": 1,
      "num_harmonics1": 3,
      "midiValue": 52,
      "harmonic_multiples1": [
        1.0,
        2.02,
        3.04
      ],
      "harmonic_attenuate1": [
        0.125,
        0.03125,
        0.015625
      ]
  },
  "Cello (Maybe)": {
      "attenuationvector1": 1,
      "num_harmonics1": 8,
      "midiValue": 54,
      "harmonic_multiples1": [
        1.0,
        30.096774193548388,
        60.096774193548384,
        89.96774193548387,
        120.09677419354838,
        149.80645161290323,
        179.16129032258067,
        209.25806451612902
      ],
      "harmonic_attenuate1": [
        0.10413266636752153,
        1.0,
        0.7664782071251536,
        0.4706467867001558,
        0.2881377225279178,
        0.5053054090883067,
        0.07066375088793367,
        0.06434589002771769
      ]
  },
  "Cello open string": {
      "attenuationvector1": 1,
      "num_harmonics1": 8,
      "midiValue": 56,
      "harmonic_multiples1": [
        1.0,
        2.0,
        3.0,
        4.0,
        5.0,
        6.0,
        7.0,
        8.0
      ],
      "harmonic_attenuate1": [
        0.5,
        0.25,
        0.055,
        0.2,
        0.11,
        0.15,
        0.215,
        0.2
      ]
  },
  "Cello closed string": {
      "attenuationvector1": 1,
      "num_harmonics1": 8,
      "midiValue": 58,
      "harmonic_multiples1": [
        1.0,
        2.0,
        3.0,
        4.0,
        5.0,
        6.0,
        7.0,
        8.0
      ],
      "harmonic_attenuate1": [
        0.5,
        0.25,
        0.035,
        0.175,
        0.045,
        0.045,
        0.05,
        0.05
      ]
  },
  "Clarinet (Maybe)": {
      "attenuationvector1": 1,
      "num_harmonics1": 8,
      "midiValue": 60,
      "harmonic_multiples1": [
        1.0,
        111.49999999999999,
        335.0,
        447.0,
        558.5,
        782.0,
        1005.5,
        1452.0
      ],
      "harmonic_attenuate1": [
        0.24511103297628056,
        1.0,
        0.7450581277125623,
        0.11154126669716466,
        0.26315162300585665,
        0.28531897813372015,
        0.18615152258501125,
        0.08081321718330152
      ]
  },
  "Flute": {
      "attenuationvector1": 1,
      "num_harmonics1": 8,
      "midiValue": 62,
      "harmonic_multiples1": [
        1.0,
        316.0,
        632.5,
        948.5,
        1265.0,
        1581.0000000000002,
        2210.0,
        2217.5
      ],
      "harmonic_attenuate1": [
        0.1265140128446713,
        1.0,
        0.08650358098495246,
        0.20118351617679786,
        0.050005847241409655,
        0.07780244014124149,
        0.03998030358584438,
        0.036781828845936775
      ]
  },
  "sine": {
      "attenuationvector1": 1,
      "num_harmonics1": 1,
      "midiValue": 40,
      "harmonic_multiples1": [
        1.0
      ],
      "harmonic_attenuate1": [
        0.125
      ]
  }
}
