{
  "Piano (Non-Integer)": {
      "attenuationvector1": 1,
      "num_harmonics1": 8,
      "midiValue": 48,
      "harmonic_multiples1": [
        1.0,
        2.02,
        3.04,
        4.04,
        5.06,
        6.06,
        7.08,
        8.1
      ],
      "harmonic_attenuate": [
       1.0,
       0.1,
       0.325,
       0.13,
       0.11,
       0.1,
       0.0,
       0.02
      ]
  },
  "Piano (Integer)": {
      "attenuationvector1": 1,
      "num_harmonics1": 8,
      "midiValue": 50,
      "harmonic_multiples1": [
        1.0,
        2.0,
        3.0,
        4.0,
        5.0,
        6.0,
        7.0,
        8.0
      ],
      "harmonic_attenuate1": [
       1.0,
       0.1,
       0.325,
       0.13,
       0.11,
       0.1,
       0.0,
       0.02
      ]
  },
  "3 Harmonics": {
      "attenuationvector1": 0,
      "num_harmonics1": 3,
      "midiValue": 52,
      "harmonic_multiples1": [
        1.0,
        2.02,
        3.04
      ],
      "harmonic_attenuate1": [
        1.0,
        0.5,
        0.25
      ]
  },
  "Cello (Maybe)": {
      "attenuationvector1": 0,
      "num_harmonics1": 8,
      "midiValue": 54,
      "harmonic_multiples1": [
        0.03322615219721329,
        1.0,
        1.9967845659163985,
        2.9892818863879955,
        3.990353697749196,
        4.977491961414791,
        5.952840300107181,
        6.952840300107181
      ],
      "harmonic_attenuate1": [
        0.10413266636752153,
        1.0,
        0.7664782071251536,
        0.4706467867001558,
        0.2881377225279178,
        0.5053054090883067,
        0.07066375088793367,
        0.06434589002771769
      ]
  },
  "Clarinet (Maybe)": {
      "attenuationvector1": 1,
      "num_harmonics1": 8,
      "midiValue": 56,
      "harmonic_multiples1": [
        1.0,
        2.0,
        3.0,
        4.0,
        5.0,
        6.0,
        7.0,
        8.0
      ],
      "harmonic_attenuate1": [
        1.0,
        0.355,
        0.27,
        0.03,
        0.09,
        0.21,
        0.03,
        0
      ]
  },
  "Flute": {
      "attenuationvector1": 1,
      "num_harmonics1": 8,
      "midiValue": 58,
      "harmonic_multiples1": [
        1.0,
        2.0,
        3.0,
        4.0,
        5.0,
        6.0,
        7.0,
        8.0
      ],
      "harmonic_attenuate1": [
        0.1,
        0.91,
        0.37,
        0.19,
        0.04,
        0.02,
        0,
        0.01
      ]
  },
  "Square": {
    "attenuationvector1": 0,
    "num_harmonics1": 4,
    "midValue": 60,
    "harmonic_multiples1": [
      1.0,
      3.0,
      5.0,
      7.0
    ],
    "harmonic_attenuate1": [
      1.0,
      0.333,
      0.2,
      0.1428
    ]
  },
  "Sawtooth": {
    "attenuationvector1": 0,
    "num_harmonics1": 7,
    "midValue": 62,
    "harmonic_multiples1": [
      1.0,
      2.0,
      3.0,
      4.0,
      5.0,
      6.0,
      7.0
    ],
    "harmonic_attenuate1": [
      0.6366,
      -0.3183,
      0.2122,
      -0.1592,
      0.1273,
      -0.1061,
      0.0909
    ]
  },
  "Trumpet": {
    "attenuationvector1": 0,
    "num_harmonics1": 9,
    "midValue": 64,
    "harmonic_multiples1": [
      1.0,
      2.0,
      3.0,
      4.0,
      5.0,
      6.0,
      7.0,
      8.0,
      9.0
    ],
    "harmonic_attenuate1": [
      0.3155,
      0.5417,
      0.3789,
      0.3232,
      0.2678,
      0.2473,
      0.2260,
      0.2045,
      0.2020
    ]
  },
  "Trombone": {
    "attenuationvector1": 0,
    "num_harmonics1": 9,
    "midValue": 64,
    "harmonic_multiples1": [
      1.0,
      2.0,
      3.0,
      4.0,
      5.0,
      6.0,
      7.0,
      8.0,
      9.0,
    ],
    "harmonic_attenuate1": [
      0.78,
      0.9,
      1.0,
      0.05,
      0.08,
      0.03,
      0.12,
      0.09,
      0.01
    ]
  },
  "Piano (10 harmonics)": {
      "attenuationvector1": 1,
      "num_harmonics1": 10,
      "midiValue": 72,
      "harmonic_multiples1": [
        1.0,
        2.02,
        3.04,
        4.04,
        5.06,
        6.06,
        7.08,
        8.08,
        9.09,
        10.09
      ],
      "harmonic_attenuate": [
        0.8332941,
        0.16877574,
        0.05034326,
        0.02021658,
        0.10713195,
        0.09283601,
        0.01327284,
        0.00914026,
        0.00980743,
        0.01774585 
      ]
  },
  "Piano (20 harmonics)": {
      "attenuationvector1": 1,
      "num_harmonics1": 10,
      "midiValue": 74,
      "harmonic_multiples1": [
        1.0,
        2.02,
        3.04,
        4.04,
        5.06,
        6.06,
        7.08,
        8.08,
        9.09,
        10.09,
        11.0,
        12.02,
        13.04,
        14.04,
        15.06,
        16.06,
        17.08,
        18.08,
        19.09,
        20.09
      ],
      "harmonic_attenuate": [
        0.8332941,
        0.16877574,
        0.05034326,
        0.02021658,
        0.10713195,
        0.09283601,
        0.01327284,
        0.00914026,
        0.00980743,
        0.01774585,
        0.0070798,
        0.03967,
        0.011941,
        0.000955,
        0.0005145,
        0.0003601,
        0.0006955,
        0.001676,
        0.00299788,
        0.00084928 
      ]
  },
  "sine": {
      "attenuationvector1": 1,
      "num_harmonics1": 1,
      "midiValue": 40,
      "harmonic_multiples1": [
        1.0
      ],
      "harmonic_attenuate1": [
        0.125
      ]
  }
}
