{
  "Piano (Non-Integer)": {
      "attenuationvector1": 1,
      "num_harmonics1": 8,
      "midiValue": 48,
      "harmonic_multiples1": [
       1.0,
       1.9973958333333335,
       2.2161458333333335,
       2.9973958333333335,
       4.0,
       5.005208333333333,
       6.013020833333334,
       7.026041666666668
      ],
      "harmonic_attenuate": [
       0.3522715252352326,
       0.9321382752418541,
       0.03327777155796448,
       1.0,
       0.5749580126711294,
       0.05530931132047914,
       0.42338061706788127,
       0.15219325652152632
      ]
  },
  "Piano (Integer)": {
      "attenuationvector1": 1,
      "num_harmonics1": 8,
      "midiValue": 50,
      "harmonic_multiples1": [
        0.03149100257069409,
        0.5,
        1.0,
        1.5025706940874037,
        2.0032133676092547,
        2.50706940874036,
        3.0134961439588692,
        4.038560411311055
      ],
      "harmonic_attenuate1": [
        0.05522927450815169,
        1.0,
        0.6356530221141482,
        0.31225135231160067,
        0.1310179816703964,
        0.09904962126539671,
        0.06841129554120899,
        0.06381934908336216
      ]
  },
  "3 Harmonics": {
      "attenuationvector1": 1,
      "num_harmonics1": 3,
      "midiValue": 52,
      "harmonic_multiples1": [
        1.0,
        2.02,
        3.04
      ],
      "harmonic_attenuate1": [
        0.125,
        0.03125,
        0.015625
      ]
  },
  "Cello (Maybe)": {
      "attenuationvector1": 1,
      "num_harmonics1": 8,
      "midiValue": 54,
      "harmonic_multiples1": [
        0.03322615219721329,
        1.0,
        1.9967845659163985,
        2.9892818863879955,
        3.990353697749196,
        4.977491961414791,
        5.952840300107181,
        6.952840300107181
      ],
      "harmonic_attenuate1": [
        0.10413266636752153,
        1.0,
        0.7664782071251536,
        0.4706467867001558,
        0.2881377225279178,
        0.5053054090883067,
        0.07066375088793367,
        0.06434589002771769
      ]
  },
  "Cello open string": {
      "attenuationvector1": 1,
      "num_harmonics1": 8,
      "midiValue": 56,
      "harmonic_multiples1": [
        1.0,
        2.0,
        3.0,
        4.0,
        5.0,
        6.0,
        7.0,
        8.0
      ],
      "harmonic_attenuate1": [
        0.5,
        0.25,
        0.055,
        0.2,
        0.11,
        0.15,
        0.215,
        0.2
      ]
  },
  "Cello closed string": {
      "attenuationvector1": 1,
      "num_harmonics1": 8,
      "midiValue": 58,
      "harmonic_multiples1": [
        1.0,
        2.0,
        3.0,
        4.0,
        5.0,
        6.0,
        7.0,
        8.0
      ],
      "harmonic_attenuate1": [
        0.5,
        0.25,
        0.035,
        0.175,
        0.045,
        0.045,
        0.05,
        0.05
      ]
  },
  "Clarinet (Maybe)": {
      "attenuationvector1": 1,
      "num_harmonics1": 8,
      "midiValue": 60,
      "harmonic_multiples1": [
        0.008968609865470852,
        1.0,
        3.0044843049327357,
        4.008968609865471,
        5.008968609865471,
        7.013452914798206,
        9.017937219730943,
        13.02242152466368
      ],
      "harmonic_attenuate1": [
        0.24511103297628056,
        1.0,
        0.7450581277125623,
        0.11154126669716466,
        0.26315162300585665,
        0.28531897813372015,
        0.18615152258501125,
        0.08081321718330152
      ]
  },
  "Flute": {
      "attenuationvector1": 1,
      "num_harmonics1": 8,
      "midiValue": 62,
      "harmonic_multiples1": [
        0.0031645569620253164,
        1.0,
        2.001582278481013,
        3.001582278481013,
        4.003164556962026,
        5.003164556962026,
        6.993670886075949,
        7.0174050632911396
      ],
      "harmonic_attenuate1": [
        0.1265140128446713,
        1.0,
        0.08650358098495246,
        0.20118351617679786,
        0.050005847241409655,
        0.07780244014124149,
        0.03998030358584438,
        0.036781828845936775
      ]
  },
  "sine": {
      "attenuationvector1": 1,
      "num_harmonics1": 1,
      "midiValue": 40,
      "harmonic_multiples1": [
        1.0
      ],
      "harmonic_attenuate1": [
        0.125
      ]
  }
}
